;Value;Std. Error;t value
AGE72;113.328;0.08334;135.978
AGE73;154.076;0.08490;181.483
AGE74;202.041;0.09135;221.167
AGE75;227.640;0.09661;235.638
AGE76;217.393;0.09758;222.782
AGE77;140.959;0.11047;127.602
SEX2;-0.72724;0.04887;-148.807
EDU32;-0.23508;0.06035;-38.950
EDU33;-0.52241;0.06392;-81.729
SGP1;0.30198;0.08015;37.677
TA22;-0.18705;0.04882;-38.315
WAL1;0.15514;0.04896;31.686
INCOMELOW;0.16401;0.07684;21.344
INCOMEMED;0.04015;0.07550;0.5318